year,inflation,policy_rate
2015,1.8858289477751584,1.5403809913393909
2016,2.1097571007360414,1.781889992137121
2017,2.2674737883125173,1.6940016671672724
2018,2.3302987222054874,1.3167765505709392
2019,2.4198789857052896,1.2271838179082213
2020,2.300969862118952,1.3044231307433725
2021,2.1201130529022256,1.1374597440906737
2022,1.8567499478199863,1.2145235833229218
2023,1.549855684262558,1.0805291066183422
2024,1.9391226774626205,1.557416275501572
